Label,# Samples,Average,Min,Max,Std. Dev.,Error %,Throughput,Received KB/sec,Sent KB/sec,Avg. Bytes
Home,3883,1980,57,20590,2508.16,3.425%,3.23331,28.61,0.48,9061.5
Login,3870,2643,90,25764,3364.25,5.142%,3.22293,32.76,2.63,10409.4
List Products,3863,4010,0,37985,4700.09,10.639%,3.21743,298.99,1.81,95157.9
Look at Product,3857,7307,0,51687,7687.60,11.045%,3.21243,252.19,1.75,80388.6
Add Product to Cart,3804,6159,51,48215,6696.72,17.560%,3.16830,56.98,4.30,18416.6
List Products with different page,3776,4302,0,33982,5137.61,15.546%,3.14513,272.60,2.36,88755.1
Add Product 2 to Cart,3768,5947,83,47260,6003.49,19.719%,3.13847,56.47,5.09,18423.8
Logout,3736,2780,94,22642,3274.37,6.130%,3.11212,31.59,4.87,10392.9
TOTAL,30557,4387,0,51687,5505.32,11.114%,25.44428,1029.93,23.28,41449.4
