Label,# Samples,Average,Min,Max,Std. Dev.,Error %,Throughput,Received KB/sec,Sent KB/sec,Avg. Bytes
Home,5923,892,55,14444,1645.05,2.465%,4.93511,40.89,0.74,8483.8
Login,5923,1147,80,14600,1820.38,3.208%,4.92312,46.86,4.82,9747.2
List Products,5922,1669,0,18986,2391.51,5.049%,4.92273,507.80,3.59,105629.7
Look at Product,5910,2812,0,34924,3382.13,5.804%,4.91419,449.96,3.52,93761.2
Add Product to Cart,5897,2838,75,34586,3450.16,7.241%,4.90440,108.85,7.99,22726.7
List Products with different page,5838,1854,0,20668,2526.96,5.687%,4.85735,496.88,4.13,104748.9
Add Product 2 to Cart,5838,2851,63,36836,3558.25,7.640%,4.85693,111.45,9.04,23497.6
Logout,5823,1269,105,14751,1906.38,3.830%,4.85980,47.49,8.40,10007.1
TOTAL,47074,1915,0,36836,2792.47,5.111%,39.12254,1808.78,42.17,47343.4
