Label,# Samples,Average,Min,Max,Std. Dev.,Error %,Throughput,Received KB/sec,Sent KB/sec,Avg. Bytes
Home,3929,1410,55,21045,1912.84,36.778%,3.27214,23.28,0.49,7284.5
Login,3919,1933,80,21697,2669.17,39.270%,3.26417,25.44,2.35,7979.9
List Products,3912,2601,0,21095,3387.30,42.382%,3.25869,204.83,1.62,64366.5
Look at Product,3893,4053,0,28227,4329.88,40.098%,3.24382,113.66,1.57,35881.0
Add Product to Cart,3890,4141,55,24947,4501.59,46.375%,3.24179,27.57,3.57,8707.4
List Products with different page,3876,2870,0,21035,3446.91,46.362%,3.23153,186.23,1.86,59013.5
Add Product 2 to Cart,3852,4127,59,21266,4233.16,45.301%,3.21230,28.20,4.02,8988.9
Logout,3834,2094,77,21847,2721.35,42.123%,3.19780,24.83,3.73,7951.9
TOTAL,31105,2901,0,28227,3651.20,42.321%,25.90475,633.64,19.19,25047.5
