Label,# Samples,Average,Min,Max,Std. Dev.,Error %,Throughput,Received KB/sec,Sent KB/sec,Avg. Bytes
Home,9438,434,58,3891,417.98,0.021%,7.86191,67.72,1.18,8820.6
Login,9434,763,118,5093,593.63,0.148%,7.85984,77.91,7.05,10150.8
List Products,9419,1621,29,7669,934.96,0.308%,7.84830,869.09,5.05,113393.5
Look at Product,9390,2269,94,10767,1381.93,0.266%,7.82724,821.16,4.94,107428.6
Add Product to Cart,9365,1952,18,7579,1361.62,0.182%,7.80905,202.49,12.31,26553.1
List Products with different page,9347,1592,135,8226,966.49,0.225%,7.79577,863.20,6.72,113384.3
Add Product 2 to Cart,9323,2015,27,8326,1406.80,0.279%,7.77753,206.75,14.83,27221.6
Logout,9297,757,116,3999,611.18,0.097%,7.75725,79.43,13.63,10484.9
TOTAL,75013,1424,18,10767,1210.27,0.191%,62.48579,3185.21,65.65,52198.4
