Label,# Samples,Average,Min,Max,Std. Dev.,Error %,Throughput,Received KB/sec,Sent KB/sec,Avg. Bytes
Home,7675,205,59,6150,202.98,0.026%,6.37433,54.91,0.96,8820.4
Login,7672,378,126,2764,217.02,0.026%,6.40454,63.19,6.47,10102.5
List Products,7670,1021,83,7222,647.95,0.130%,6.41360,709.56,4.86,113288.9
Look at Product,7658,1190,61,20739,680.05,0.091%,6.44274,678.72,4.81,107874.5
Add Product to Cart,7647,785,15,7432,413.34,0.065%,6.46117,168.91,11.05,26769.5
List Products with different page,7639,969,67,9915,605.93,0.052%,6.49515,717.88,5.73,113178.4
Add Product 2 to Cart,7635,816,119,6218,415.57,0.052%,6.49482,174.16,12.64,27458.3
Logout,7628,368,59,5004,231.64,0.013%,6.49351,66.45,11.64,10478.5
TOTAL,61224,717,15,20739,573.25,0.057%,50.84771,2594.63,57.14,52252.1
