Label,# Samples,Average,Min,Max,Std. Dev.,Error %,Throughput,Received KB/sec,Sent KB/sec,Avg. Bytes
Home,5546,1533,54,20565,2444.19,3.823%,4.59671,37.82,0.69,8425.6
Login,5527,2010,77,22308,2946.56,5.392%,4.58152,43.01,4.10,9613.4
List Products,5507,2982,0,31545,4009.82,5.992%,4.56549,464.49,2.96,104181.8
Look at Product,5498,4399,0,80544,5110.81,6.184%,4.55993,419.70,2.88,94249.3
Add Product to Cart,5460,4110,55,34732,4730.58,10.586%,4.52985,100.69,6.92,22762.5
List Products with different page,5441,2912,0,30129,3770.26,7.664%,4.51470,452.15,3.79,102553.9
Add Product 2 to Cart,5439,4586,113,630001,10019.21,11.914%,4.51429,101.22,8.23,22960.0
Logout,5413,2268,109,24377,3273.41,7.260%,4.49323,43.02,7.61,9804.3
TOTAL,43831,3096,0,630001,5161.80,7.337%,36.32860,1660.91,37.14,46816.2
